ds,district,y,price_ghs_per_sqm,price_usd_per_sqm
2010-01-01,East Legon,23.18,1151,805
2010-02-01,East Legon,23.12,1148,803
2010-03-01,East Legon,23.26,1154,807
2010-04-01,East Legon,22.95,1139,797
2010-05-01,East Legon,22.99,1141,798
2010-06-01,East Legon,22.98,1141,798
2010-07-01,East Legon,23.14,1148,803
2010-08-01,East Legon,23.23,1153,802
2010-09-01,East Legon,23.81,1182,818
2010-10-01,East Legon,23.69,1176,809
2010-11-01,East Legon,24.65,1223,838
2010-12-01,East Legon,25.18,1250,851
2011-01-01,East Legon,25.14,1248,845
2011-02-01,East Legon,25.95,1288,868
2011-03-01,East Legon,26.04,1293,867
2011-04-01,East Legon,26.63,1322,882
2011-05-01,East Legon,26.95,1338,888
2011-06-01,East Legon,27.49,1364,902
2011-07-01,East Legon,27.27,1354,890
2011-08-01,East Legon,28.15,1397,903
2011-09-01,East Legon,29.05,1442,917
2011-10-01,East Legon,29.27,1453,910
2011-11-01,East Legon,30.76,1527,941
2011-12-01,East Legon,31.26,1552,942
2012-01-01,East Legon,32.53,1615,965
2012-02-01,East Legon,33.09,1643,967
2012-03-01,East Legon,33.73,1674,971
2012-04-01,East Legon,34.55,1715,980
2012-05-01,East Legon,34.71,1723,971
2012-06-01,East Legon,35.46,1760,978
2012-07-01,East Legon,36.27,1801,987
2012-08-01,East Legon,37.44,1858,1011
2012-09-01,East Legon,37.45,1859,1004
2012-10-01,East Legon,38.41,1906,1023
2012-11-01,East Legon,39.21,1946,1036
2012-12-01,East Legon,39.28,1950,1031
2013-01-01,East Legon,40.46,2008,1055
2013-02-01,East Legon,41.4,2055,1072
2013-03-01,East Legon,41.38,2054,1065
2013-04-01,East Legon,42.08,2089,1075
2013-05-01,East Legon,42.69,2119,1084
2013-06-01,East Legon,43.37,2152,1093
2013-07-01,East Legon,43.63,2166,1093
2013-08-01,East Legon,45.85,2276,1105
2013-09-01,East Legon,47.2,2343,1096
2013-10-01,East Legon,49.61,2462,1113
2013-11-01,East Legon,51.22,2542,1110
2013-12-01,East Legon,54.04,2682,1134
2014-01-01,East Legon,56.64,2811,1151
2014-02-01,East Legon,57.9,2874,1140
2014-03-01,East Legon,59.44,2950,1139
2014-04-01,East Legon,62.22,3088,1157
2014-05-01,East Legon,62.94,3124,1139
2014-06-01,East Legon,64.89,3221,1142
2014-07-01,East Legon,67.37,3344,1154
2014-08-01,East Legon,69.57,3453,1164
2014-09-01,East Legon,71.89,3568,1176
2014-10-01,East Legon,75.55,3750,1209
2014-11-01,East Legon,78.81,3912,1233
2014-12-01,East Legon,83.28,4134,1276
2015-01-01,East Legon,85.55,4246,1283
2015-02-01,East Legon,89.07,4421,1309
2015-03-01,East Legon,91.37,4535,1318
2015-04-01,East Legon,94.15,4673,1331
2015-05-01,East Legon,98.37,4883,1365
2015-06-01,East Legon,100.61,4994,1369
2015-07-01,East Legon,103.4,5132,1382
2015-08-01,East Legon,105.07,5215,1398
2015-09-01,East Legon,106.77,5300,1414
2015-10-01,East Legon,107.51,5336,1418
2015-11-01,East Legon,108.16,5369,1420
2015-12-01,East Legon,109.97,5459,1438
2016-01-01,East Legon,111.19,5519,1447
2016-02-01,East Legon,114.22,5669,1480
2016-03-01,East Legon,113.49,5633,1465
2016-04-01,East Legon,116.45,5780,1497
2016-05-01,East Legon,116.93,5804,1497
2016-06-01,East Legon,116.78,5797,1489
2016-07-01,East Legon,118.44,5879,1504
2016-08-01,East Legon,118.29,5871,1487
2016-09-01,East Legon,122.55,6083,1527
2016-10-01,East Legon,124.85,6197,1541
2016-11-01,East Legon,126.71,6290,1550
2016-12-01,East Legon,128.4,6373,1556
2017-01-01,East Legon,132.34,6569,1590
2017-02-01,East Legon,135.1,6706,1608
2017-03-01,East Legon,135.78,6739,1603
2017-04-01,East Legon,137.68,6834,1611
2017-05-01,East Legon,139.88,6943,1623
2017-06-01,East Legon,141.95,7046,1633
2017-07-01,East Legon,144.47,7171,1648
2017-08-01,East Legon,144.72,7184,1644
2017-09-01,East Legon,149.47,7419,1690
2017-10-01,East Legon,150.95,7493,1699
2017-11-01,East Legon,156.34,7760,1752
2017-12-01,East Legon,156.42,7764,1745
2018-01-01,East Legon,161.14,7999,1790
2018-02-01,East Legon,163.3,8106,1806
2018-03-01,East Legon,166.13,8246,1830
2018-04-01,East Legon,165.87,8233,1819
2018-05-01,East Legon,169.13,8395,1847
2018-06-01,East Legon,173.72,8623,1888
2018-07-01,East Legon,174.24,8648,1886
2018-08-01,East Legon,177.88,8829,1903
2018-09-01,East Legon,182.32,9050,1928
2018-10-01,East Legon,185.11,9188,1936
2018-11-01,East Legon,190.89,9475,1975
2018-12-01,East Legon,193.19,9589,1977
2019-01-01,East Legon,199.94,9924,2024
2019-02-01,East Legon,202.73,10063,2030
2019-03-01,East Legon,206.17,10233,2044
2019-04-01,East Legon,207.63,10306,2037
2019-05-01,East Legon,213.41,10593,2072
2019-06-01,East Legon,214.64,10654,2063
2019-07-01,East Legon,221.28,10984,2105
2019-08-01,East Legon,222.07,11023,2100
2019-09-01,East Legon,223.26,11082,2098
2019-10-01,East Legon,222.02,11020,2074
2019-11-01,East Legon,220.61,10950,2049
2019-12-01,East Legon,220.87,10963,2039
2020-01-01,East Legon,226.91,11263,2083
2020-02-01,East Legon,225.43,11189,2057
2020-03-01,East Legon,224.07,11122,2033
2020-04-01,East Legon,227.36,11285,2051
2020-05-01,East Legon,224.65,11151,2015
2020-06-01,East Legon,223.93,11115,1997
2020-07-01,East Legon,224.38,11137,1990
2020-08-01,East Legon,227.01,11268,2007
2020-09-01,East Legon,227.51,11293,2005
2020-10-01,East Legon,231.47,11489,2034
2020-11-01,East Legon,238.16,11821,2086
2020-12-01,East Legon,239.78,11902,2094
2021-01-01,East Legon,242.35,12030,2110
2021-02-01,East Legon,246.09,12215,2136
2021-03-01,East Legon,248.77,12348,2153
2021-04-01,East Legon,249.31,12375,2151
2021-05-01,East Legon,248.67,12343,2139
2021-06-01,East Legon,256.25,12719,2197
2021-07-01,East Legon,251.2,12469,2148
2021-08-01,East Legon,265.1,13158,2188
2021-09-01,East Legon,280.33,13915,2235
2021-10-01,East Legon,289.51,14370,2236
2021-11-01,East Legon,302.13,14997,2260
2021-12-01,East Legon,312.91,15532,2271
2022-01-01,East Legon,324.55,16110,2285
2022-02-01,East Legon,338.62,16808,2316
2022-03-01,East Legon,353.42,17542,2355
2022-04-01,East Legon,363.05,18020,2353
2022-05-01,East Legon,371.92,18461,2349
2022-06-01,East Legon,386.79,19199,2379
2022-07-01,East Legon,396.21,19666,2377
2022-08-01,East Legon,419.72,20833,2449
2022-09-01,East Legon,424.46,21069,2411
2022-10-01,East Legon,447.34,22204,2477
2022-11-01,East Legon,464.53,23057,2507
2022-12-01,East Legon,477.35,23694,2514
2023-01-01,East Legon,497.19,24679,2555
2023-02-01,East Legon,513.06,25466,2575
2023-03-01,East Legon,532.5,26431,2616
2023-04-01,East Legon,551.29,27364,2648
2023-05-01,East Legon,565.23,28056,2656
2023-06-01,East Legon,578.2,28699,2659
2023-07-01,East Legon,602.05,29883,2712
2023-08-01,East Legon,617.2,30635,2714
2023-09-01,East Legon,639.68,31751,2748
2023-10-01,East Legon,664.91,33004,2793
2023-11-01,East Legon,683.32,33917,2807
2023-12-01,East Legon,704.88,34987,2835
2024-01-01,East Legon,728.01,36135,2866
2024-02-01,East Legon,754.33,37442,2908
2024-03-01,East Legon,770.72,38256,2914
2024-04-01,East Legon,788.78,39152,2923
2024-05-01,East Legon,806.85,40049,2933
2024-06-01,East Legon,842.78,41832,3005
2024-07-01,East Legon,864.68,42919,3026
2024-08-01,East Legon,835.4,41466,2924
2024-09-01,East Legon,866.88,43029,3034
2024-10-01,East Legon,856.76,42526,2999
2024-11-01,East Legon,856.37,42507,2997
2024-12-01,East Legon,851.47,42264,2980
2010-01-01,Cantonments,22.13,1437,1005
2010-02-01,Cantonments,22.21,1443,1009
2010-03-01,Cantonments,21.82,1417,991
2010-04-01,Cantonments,22.15,1439,1006
2010-05-01,Cantonments,21.96,1426,997
2010-06-01,Cantonments,21.78,1415,989
2010-07-01,Cantonments,21.97,1427,998
2010-08-01,Cantonments,22.31,1449,1008
2010-09-01,Cantonments,22.73,1476,1021
2010-10-01,Cantonments,22.98,1493,1027
2010-11-01,Cantonments,23.72,1541,1055
2010-12-01,Cantonments,23.83,1548,1054
2011-01-01,Cantonments,24.45,1588,1076
2011-02-01,Cantonments,24.96,1621,1093
2011-03-01,Cantonments,25.16,1634,1096
2011-04-01,Cantonments,25.85,1679,1121
2011-05-01,Cantonments,26.04,1691,1123
2011-06-01,Cantonments,26.62,1729,1143
2011-07-01,Cantonments,26.89,1746,1148
2011-08-01,Cantonments,28.11,1826,1181
2011-09-01,Cantonments,28.86,1874,1192
2011-10-01,Cantonments,29.52,1917,1200
2011-11-01,Cantonments,30.24,1964,1210
2011-12-01,Cantonments,30.63,1989,1207
2012-01-01,Cantonments,31.46,2043,1221
2012-02-01,Cantonments,32.93,2139,1259
2012-03-01,Cantonments,33.42,2170,1259
2012-04-01,Cantonments,34.03,2210,1263
2012-05-01,Cantonments,34.48,2240,1262
2012-06-01,Cantonments,35.76,2323,1291
2012-07-01,Cantonments,36.38,2363,1295
2012-08-01,Cantonments,36.44,2367,1288
2012-09-01,Cantonments,37.41,2430,1312
2012-10-01,Cantonments,38.75,2517,1350
2012-11-01,Cantonments,39.28,2551,1359
2012-12-01,Cantonments,40.37,2622,1387
2013-01-01,Cantonments,41.7,2709,1423
2013-02-01,Cantonments,42.94,2789,1455
2013-03-01,Cantonments,42.64,2769,1436
2013-04-01,Cantonments,43.23,2808,1445
2013-05-01,Cantonments,43.64,2835,1450
2013-06-01,Cantonments,44.66,2900,1473
2013-07-01,Cantonments,45.49,2955,1491
2013-08-01,Cantonments,47.53,3087,1499
2013-09-01,Cantonments,50.19,3260,1526
2013-10-01,Cantonments,51.47,3343,1511
2013-11-01,Cantonments,53.86,3498,1528
2013-12-01,Cantonments,56.24,3653,1545
2014-01-01,Cantonments,59.09,3838,1571
2014-02-01,Cantonments,59.52,3866,1534
2014-03-01,Cantonments,63.83,4146,1600
2014-04-01,Cantonments,64.39,4182,1567
2014-05-01,Cantonments,67.37,4376,1595
2014-06-01,Cantonments,69.34,4503,1596
2014-07-01,Cantonments,71.24,4627,1598
2014-08-01,Cantonments,73.77,4791,1615
2014-09-01,Cantonments,75.79,4923,1622
2014-10-01,Cantonments,78.3,5086,1639
2014-11-01,Cantonments,81.02,5262,1659
2014-12-01,Cantonments,85.12,5529,1707
2015-01-01,Cantonments,87.02,5652,1708
2015-02-01,Cantonments,89.64,5822,1723
2015-03-01,Cantonments,91.87,5967,1734
2015-04-01,Cantonments,96.89,6293,1793
2015-05-01,Cantonments,99.71,6476,1810
2015-06-01,Cantonments,102.74,6673,1829
2015-07-01,Cantonments,102.34,6647,1789
2015-08-01,Cantonments,103.11,6697,1795
2015-09-01,Cantonments,105.42,6847,1827
2015-10-01,Cantonments,106.32,6906,1835
2015-11-01,Cantonments,106.68,6929,1833
2015-12-01,Cantonments,108.25,7031,1852
2016-01-01,Cantonments,112.33,7296,1914
2016-02-01,Cantonments,112.26,7291,1904
2016-03-01,Cantonments,111.81,7262,1889
2016-04-01,Cantonments,114.03,7406,1918
2016-05-01,Cantonments,115.19,7481,1930
2016-06-01,Cantonments,115.64,7511,1929
2016-07-01,Cantonments,117.31,7619,1949
2016-08-01,Cantonments,119.25,7745,1962
2016-09-01,Cantonments,121.24,7875,1976
2016-10-01,Cantonments,123.16,8000,1989
2016-11-01,Cantonments,125.68,8163,2011
2016-12-01,Cantonments,127.6,8288,2024
2017-01-01,Cantonments,129.33,8400,2033
2017-02-01,Cantonments,129.04,8381,2010
2017-03-01,Cantonments,132.66,8616,2050
2017-04-01,Cantonments,138.21,8977,2117
2017-05-01,Cantonments,137.35,8921,2086
2017-06-01,Cantonments,136.5,8866,2055
2017-07-01,Cantonments,137.73,8946,2056
2017-08-01,Cantonments,140.73,9140,2091
2017-09-01,Cantonments,143.86,9344,2128
2017-10-01,Cantonments,146.63,9524,2160
2017-11-01,Cantonments,148.66,9656,2180
2017-12-01,Cantonments,151.72,9855,2215
2018-01-01,Cantonments,157.16,10208,2284
2018-02-01,Cantonments,156.65,10174,2267
2018-03-01,Cantonments,161.3,10477,2325
2018-04-01,Cantonments,160.66,10435,2305
2018-05-01,Cantonments,164.15,10662,2345
2018-06-01,Cantonments,167.45,10876,2382
2018-07-01,Cantonments,166.64,10823,2360
2018-08-01,Cantonments,170.4,11068,2386
2018-09-01,Cantonments,172.47,11202,2387
2018-10-01,Cantonments,178.6,11600,2445
2018-11-01,Cantonments,181.39,11781,2455
2018-12-01,Cantonments,186.22,12095,2494
2019-01-01,Cantonments,191.14,12415,2532
2019-02-01,Cantonments,193.11,12543,2530
2019-03-01,Cantonments,195.64,12707,2538
2019-04-01,Cantonments,202.24,13136,2596
2019-05-01,Cantonments,203.11,13192,2581
2019-06-01,Cantonments,204.08,13255,2566
2019-07-01,Cantonments,209.45,13604,2607
2019-08-01,Cantonments,210.88,13697,2609
2019-09-01,Cantonments,209.5,13607,2576
2019-10-01,Cantonments,208.06,13514,2544
2019-11-01,Cantonments,212.74,13818,2585
2019-12-01,Cantonments,211.03,13706,2550
2020-01-01,Cantonments,213.88,13892,2569
2020-02-01,Cantonments,215.37,13988,2572
2020-03-01,Cantonments,212.45,13798,2523
2020-04-01,Cantonments,213.48,13866,2520
2020-05-01,Cantonments,211.92,13764,2488
2020-06-01,Cantonments,213.79,13886,2495
2020-07-01,Cantonments,214.14,13909,2486
2020-08-01,Cantonments,215.67,14008,2495
2020-09-01,Cantonments,219.57,14261,2532
2020-10-01,Cantonments,221.66,14397,2549
2020-11-01,Cantonments,228.87,14865,2623
2020-12-01,Cantonments,227.62,14784,2601
2021-01-01,Cantonments,232.47,15099,2648
2021-02-01,Cantonments,234.77,15248,2666
2021-03-01,Cantonments,233.79,15185,2647
2021-04-01,Cantonments,236.44,15357,2669
2021-05-01,Cantonments,241.4,15679,2717
2021-06-01,Cantonments,244.86,15904,2748
2021-07-01,Cantonments,243.37,15807,2723
2021-08-01,Cantonments,251.94,16364,2720
2021-09-01,Cantonments,263.67,17125,2751
2021-10-01,Cantonments,275.4,17887,2783
2021-11-01,Cantonments,286.97,18639,2808
2021-12-01,Cantonments,294.27,19113,2794
2022-01-01,Cantonments,306.39,19900,2823
2022-02-01,Cantonments,320.0,20784,2863
2022-03-01,Cantonments,330.77,21483,2884
2022-04-01,Cantonments,341.52,22182,2897
2022-05-01,Cantonments,355.5,23090,2938
2022-06-01,Cantonments,358.93,23313,2889
2022-07-01,Cantonments,372.06,24165,2921
2022-08-01,Cantonments,383.17,24887,2926
2022-09-01,Cantonments,389.8,25318,2897
2022-10-01,Cantonments,405.59,26343,2938
2022-11-01,Cantonments,420.6,27318,2970
2022-12-01,Cantonments,433.65,28165,2989
2023-01-01,Cantonments,442.95,28770,2979
2023-02-01,Cantonments,461.54,29977,3031
2023-03-01,Cantonments,474.57,30824,3051
2023-04-01,Cantonments,490.52,31860,3083
2023-05-01,Cantonments,490.79,31877,3018
2023-06-01,Cantonments,506.43,32893,3047
2023-07-01,Cantonments,522.9,33962,3082
2023-08-01,Cantonments,541.03,35140,3113
2023-09-01,Cantonments,553.16,35928,3109
2023-10-01,Cantonments,567.38,36851,3119
2023-11-01,Cantonments,588.41,38217,3163
2023-12-01,Cantonments,596.29,38729,3138
2024-01-01,Cantonments,611.19,39697,3148
2024-02-01,Cantonments,626.44,40688,3160
2024-03-01,Cantonments,645.43,41921,3193
2024-04-01,Cantonments,667.16,43332,3235
2024-05-01,Cantonments,664.49,43159,3161
2024-06-01,Cantonments,681.8,44283,3181
2024-07-01,Cantonments,692.51,44979,3172
2024-08-01,Cantonments,703.98,45724,3224
2024-09-01,Cantonments,691.25,44897,3166
2024-10-01,Cantonments,698.28,45354,3198
2024-11-01,Cantonments,701.99,45595,3215
2024-12-01,Cantonments,698.24,45351,3198
2010-01-01,Airport Residential,23.3,1006,703
2010-02-01,Airport Residential,23.44,1012,707
2010-03-01,Airport Residential,23.01,993,694
2010-04-01,Airport Residential,23.5,1014,709
2010-05-01,Airport Residential,23.15,999,699
2010-06-01,Airport Residential,23.2,1001,700
2010-07-01,Airport Residential,23.17,1000,699
2010-08-01,Airport Residential,23.7,1023,711
2010-09-01,Airport Residential,23.93,1033,715
2010-10-01,Airport Residential,24.13,1042,717
2010-11-01,Airport Residential,24.68,1065,729
2010-12-01,Airport Residential,25.27,1091,743
2011-01-01,Airport Residential,25.87,1116,757
2011-02-01,Airport Residential,26.16,1129,761
2011-03-01,Airport Residential,26.45,1141,766
2011-04-01,Airport Residential,27.26,1177,785
2011-05-01,Airport Residential,27.55,1189,790
2011-06-01,Airport Residential,27.64,1193,788
2011-07-01,Airport Residential,27.84,1201,790
2011-08-01,Airport Residential,28.93,1248,807
2011-09-01,Airport Residential,29.78,1285,817
2011-10-01,Airport Residential,30.22,1304,817
2011-11-01,Airport Residential,31.16,1345,829
2011-12-01,Airport Residential,31.99,1381,838
2012-01-01,Airport Residential,33.52,1447,864
2012-02-01,Airport Residential,33.71,1455,856
2012-03-01,Airport Residential,34.92,1507,875
2012-04-01,Airport Residential,35.53,1533,877
2012-05-01,Airport Residential,36.39,1570,885
2012-06-01,Airport Residential,37.35,1612,896
2012-07-01,Airport Residential,37.32,1611,883
2012-08-01,Airport Residential,38.54,1663,905
2012-09-01,Airport Residential,39.27,1695,915
2012-10-01,Airport Residential,39.21,1692,908
2012-11-01,Airport Residential,40.68,1756,935
2012-12-01,Airport Residential,41.15,1776,940
2013-01-01,Airport Residential,42.24,1823,958
2013-02-01,Airport Residential,43.54,1879,980
2013-03-01,Airport Residential,43.01,1856,962
2013-04-01,Airport Residential,43.45,1875,966
2013-05-01,Airport Residential,44.5,1920,982
2013-06-01,Airport Residential,45.74,1974,1003
2013-07-01,Airport Residential,45.57,1967,993
2013-08-01,Airport Residential,47.34,2043,992
2013-09-01,Airport Residential,48.93,2112,988
2013-10-01,Airport Residential,52.43,2263,1023
2013-11-01,Airport Residential,54.44,2350,1026
2013-12-01,Airport Residential,55.99,2417,1022
2014-01-01,Airport Residential,57.93,2500,1024
2014-02-01,Airport Residential,60.83,2625,1042
2014-03-01,Airport Residential,61.9,2671,1031
2014-04-01,Airport Residential,64.87,2800,1049
2014-05-01,Airport Residential,66.86,2886,1052
2014-06-01,Airport Residential,67.75,2924,1036
2014-07-01,Airport Residential,69.62,3005,1037
2014-08-01,Airport Residential,71.91,3104,1046
2014-09-01,Airport Residential,75.8,3271,1078
2014-10-01,Airport Residential,77.5,3345,1078
2014-11-01,Airport Residential,80.97,3495,1102
2014-12-01,Airport Residential,84.23,3635,1122
2015-01-01,Airport Residential,86.41,3729,1127
2015-02-01,Airport Residential,90.17,3892,1152
2015-03-01,Airport Residential,93.03,4015,1167
2015-04-01,Airport Residential,94.17,4064,1158
2015-05-01,Airport Residential,97.73,4218,1179
2015-06-01,Airport Residential,100.53,4339,1190
2015-07-01,Airport Residential,103.78,4479,1206
2015-08-01,Airport Residential,105.91,4571,1225
2015-09-01,Airport Residential,105.3,4545,1213
2015-10-01,Airport Residential,106.5,4597,1221
2015-11-01,Airport Residential,108.72,4692,1241
2015-12-01,Airport Residential,107.74,4650,1225
2016-01-01,Airport Residential,110.55,4771,1251
2016-02-01,Airport Residential,113.53,4900,1280
2016-03-01,Airport Residential,113.88,4915,1278
2016-04-01,Airport Residential,116.95,5047,1307
2016-05-01,Airport Residential,115.15,4970,1282
2016-06-01,Airport Residential,117.82,5085,1306
2016-07-01,Airport Residential,116.78,5040,1289
2016-08-01,Airport Residential,118.42,5111,1295
2016-09-01,Airport Residential,121.85,5259,1320
2016-10-01,Airport Residential,125.36,5410,1346
2016-11-01,Airport Residential,127.16,5488,1352
2016-12-01,Airport Residential,128.12,5529,1350
2017-01-01,Airport Residential,131.32,5668,1372
2017-02-01,Airport Residential,133.13,5746,1378
2017-03-01,Airport Residential,137.52,5935,1412
2017-04-01,Airport Residential,138.87,5993,1413
2017-05-01,Airport Residential,140.54,6066,1418
2017-06-01,Airport Residential,141.7,6116,1418
2017-07-01,Airport Residential,146.59,6327,1454
2017-08-01,Airport Residential,147.54,6368,1457
2017-09-01,Airport Residential,149.47,6451,1469
2017-10-01,Airport Residential,150.04,6476,1469
2017-11-01,Airport Residential,154.96,6688,1510
2017-12-01,Airport Residential,158.15,6825,1534
2018-01-01,Airport Residential,161.34,6963,1558
2018-02-01,Airport Residential,164.33,7092,1580
2018-03-01,Airport Residential,167.0,7208,1599
2018-04-01,Airport Residential,167.8,7242,1600
2018-05-01,Airport Residential,169.94,7334,1613
2018-06-01,Airport Residential,170.07,7340,1608
2018-07-01,Airport Residential,176.12,7601,1658
2018-08-01,Airport Residential,181.67,7841,1690
2018-09-01,Airport Residential,181.38,7828,1668
2018-10-01,Airport Residential,186.69,8057,1698
2018-11-01,Airport Residential,191.16,8250,1719
2018-12-01,Airport Residential,197.32,8516,1756
2019-01-01,Airport Residential,199.54,8612,1756
2019-02-01,Airport Residential,204.98,8847,1784
2019-03-01,Airport Residential,208.73,9009,1800
2019-04-01,Airport Residential,214.51,9258,1830
2019-05-01,Airport Residential,217.16,9373,1834
2019-06-01,Airport Residential,221.65,9566,1852
2019-07-01,Airport Residential,221.67,9567,1834
2019-08-01,Airport Residential,220.43,9514,1812
2019-09-01,Airport Residential,224.96,9709,1838
2019-10-01,Airport Residential,224.17,9675,1821
2019-11-01,Airport Residential,225.47,9731,1821
2019-12-01,Airport Residential,222.45,9601,1786
2020-01-01,Airport Residential,222.98,9624,1780
2020-02-01,Airport Residential,227.55,9821,1805
2020-03-01,Airport Residential,227.5,9819,1795
2020-04-01,Airport Residential,223.83,9660,1756
2020-05-01,Airport Residential,224.05,9670,1748
2020-06-01,Airport Residential,227.74,9829,1766
2020-07-01,Airport Residential,228.49,9861,1762
2020-08-01,Airport Residential,225.9,9750,1737
2020-09-01,Airport Residential,231.42,9988,1774
2020-10-01,Airport Residential,235.87,10180,1802
2020-11-01,Airport Residential,236.6,10212,1802
2020-12-01,Airport Residential,239.86,10352,1821
2021-01-01,Airport Residential,245.58,10599,1859
2021-02-01,Airport Residential,251.3,10846,1896
2021-03-01,Airport Residential,252.95,10917,1903
2021-04-01,Airport Residential,253.2,10928,1899
2021-05-01,Airport Residential,258.5,11157,1933
2021-06-01,Airport Residential,257.83,11128,1922
2021-07-01,Airport Residential,261.41,11282,1943
2021-08-01,Airport Residential,268.91,11606,1929
2021-09-01,Airport Residential,282.54,12194,1959
2021-10-01,Airport Residential,297.07,12822,1995
2021-11-01,Airport Residential,309.12,13341,2010
2021-12-01,Airport Residential,313.07,13512,1975
2022-01-01,Airport Residential,333.78,14406,2044
2022-02-01,Airport Residential,351.46,15169,2090
2022-03-01,Airport Residential,346.91,14972,2010
2022-04-01,Airport Residential,366.53,15819,2066
2022-05-01,Airport Residential,378.18,16322,2077
2022-06-01,Airport Residential,390.47,16852,2088
2022-07-01,Airport Residential,401.38,17323,2094
2022-08-01,Airport Residential,420.81,18162,2135
2022-09-01,Airport Residential,434.11,18736,2144
2022-10-01,Airport Residential,440.84,19026,2122
2022-11-01,Airport Residential,456.25,19691,2141
2022-12-01,Airport Residential,472.34,20386,2163
2023-01-01,Airport Residential,494.99,21364,2212
2023-02-01,Airport Residential,513.87,22178,2242
2023-03-01,Airport Residential,527.72,22776,2255
2023-04-01,Airport Residential,536.13,23139,2239
2023-05-01,Airport Residential,559.09,24130,2285
2023-06-01,Airport Residential,575.08,24820,2299
2023-07-01,Airport Residential,583.41,25179,2285
2023-08-01,Airport Residential,605.22,26121,2314
2023-09-01,Airport Residential,623.29,26901,2328
2023-10-01,Airport Residential,649.44,28029,2372
2023-11-01,Airport Residential,665.72,28732,2378
2023-12-01,Airport Residential,684.58,29546,2394
2024-01-01,Airport Residential,703.76,30374,2409
2024-02-01,Airport Residential,734.44,31698,2461
2024-03-01,Airport Residential,745.25,32165,2450
2024-04-01,Airport Residential,762.78,32921,2458
2024-05-01,Airport Residential,780.63,33691,2467
2024-06-01,Airport Residential,794.15,34275,2462
2024-07-01,Airport Residential,809.68,34945,2464
2024-08-01,Airport Residential,793.07,34228,2414
2024-09-01,Airport Residential,826.96,35691,2517
2024-10-01,Airport Residential,828.73,35767,2522
2024-11-01,Airport Residential,823.04,35522,2505
2024-12-01,Airport Residential,826.3,35662,2515
2010-01-01,Labone / Roman Ridge,24.34,870,609
2010-02-01,Labone / Roman Ridge,24.11,862,603
2010-03-01,Labone / Roman Ridge,24.17,864,604
2010-04-01,Labone / Roman Ridge,24.17,864,605
2010-05-01,Labone / Roman Ridge,23.95,857,599
2010-06-01,Labone / Roman Ridge,24.17,864,604
2010-07-01,Labone / Roman Ridge,24.17,864,604
2010-08-01,Labone / Roman Ridge,24.1,862,599
2010-09-01,Labone / Roman Ridge,24.51,876,606
2010-10-01,Labone / Roman Ridge,25.4,908,625
2010-11-01,Labone / Roman Ridge,25.31,905,620
2010-12-01,Labone / Roman Ridge,25.84,924,630
2011-01-01,Labone / Roman Ridge,26.87,961,651
2011-02-01,Labone / Roman Ridge,26.94,963,649
2011-03-01,Labone / Roman Ridge,27.53,984,660
2011-04-01,Labone / Roman Ridge,27.52,984,657
2011-05-01,Labone / Roman Ridge,28.19,1008,670
2011-06-01,Labone / Roman Ridge,28.24,1010,667
2011-07-01,Labone / Roman Ridge,28.47,1018,670
2011-08-01,Labone / Roman Ridge,29.43,1052,681
2011-09-01,Labone / Roman Ridge,30.76,1100,700
2011-10-01,Labone / Roman Ridge,31.36,1121,702
2011-11-01,Labone / Roman Ridge,32.08,1147,707
2011-12-01,Labone / Roman Ridge,32.99,1180,716
2012-01-01,Labone / Roman Ridge,33.99,1216,726
2012-02-01,Labone / Roman Ridge,34.67,1240,730
2012-03-01,Labone / Roman Ridge,35.72,1277,741
2012-04-01,Labone / Roman Ridge,36.45,1303,745
2012-05-01,Labone / Roman Ridge,36.61,1309,738
2012-06-01,Labone / Roman Ridge,37.35,1336,742
2012-07-01,Labone / Roman Ridge,38.59,1380,756
2012-08-01,Labone / Roman Ridge,39.02,1395,759
2012-09-01,Labone / Roman Ridge,40.13,1435,775
2012-10-01,Labone / Roman Ridge,40.47,1447,776
2012-11-01,Labone / Roman Ridge,41.29,1476,786
2012-12-01,Labone / Roman Ridge,42.12,1506,797
2013-01-01,Labone / Roman Ridge,43.25,1546,812
2013-02-01,Labone / Roman Ridge,44.04,1575,822
2013-03-01,Labone / Roman Ridge,44.85,1604,831
2013-04-01,Labone / Roman Ridge,44.58,1594,821
2013-05-01,Labone / Roman Ridge,45.59,1630,834
2013-06-01,Labone / Roman Ridge,46.49,1662,844
2013-07-01,Labone / Roman Ridge,47.27,1690,853
2013-08-01,Labone / Roman Ridge,49.33,1764,857
2013-09-01,Labone / Roman Ridge,51.14,1829,856
2013-10-01,Labone / Roman Ridge,52.75,1886,853
2013-11-01,Labone / Roman Ridge,55.3,1977,864
2013-12-01,Labone / Roman Ridge,56.73,2029,858
2014-01-01,Labone / Roman Ridge,59.01,2110,864
2014-02-01,Labone / Roman Ridge,60.48,2163,858
2014-03-01,Labone / Roman Ridge,63.92,2286,882
2014-04-01,Labone / Roman Ridge,64.5,2306,864
2014-05-01,Labone / Roman Ridge,68.01,2432,886
2014-06-01,Labone / Roman Ridge,69.01,2468,875
2014-07-01,Labone / Roman Ridge,70.8,2532,874
2014-08-01,Labone / Roman Ridge,73.99,2646,892
2014-09-01,Labone / Roman Ridge,75.99,2717,895
2014-10-01,Labone / Roman Ridge,79.34,2837,914
2014-11-01,Labone / Roman Ridge,81.1,2900,914
2014-12-01,Labone / Roman Ridge,84.24,3012,930
2015-01-01,Labone / Roman Ridge,87.45,3127,945
2015-02-01,Labone / Roman Ridge,90.42,3233,957
2015-03-01,Labone / Roman Ridge,91.3,3265,949
2015-04-01,Labone / Roman Ridge,94.58,3382,963
2015-05-01,Labone / Roman Ridge,97.72,3494,977
2015-06-01,Labone / Roman Ridge,100.18,3582,982
2015-07-01,Labone / Roman Ridge,104.19,3726,1003
2015-08-01,Labone / Roman Ridge,103.63,3706,993
2015-09-01,Labone / Roman Ridge,106.23,3799,1014
2015-10-01,Labone / Roman Ridge,107.33,3838,1020
2015-11-01,Labone / Roman Ridge,106.48,3808,1007
2015-12-01,Labone / Roman Ridge,110.46,3950,1041
2016-01-01,Labone / Roman Ridge,111.64,3992,1047
2016-02-01,Labone / Roman Ridge,112.35,4018,1049
2016-03-01,Labone / Roman Ridge,114.44,4092,1064
2016-04-01,Labone / Roman Ridge,115.11,4116,1066
2016-05-01,Labone / Roman Ridge,114.59,4098,1057
2016-06-01,Labone / Roman Ridge,117.73,4210,1081
2016-07-01,Labone / Roman Ridge,117.95,4218,1079
2016-08-01,Labone / Roman Ridge,117.76,4211,1067
2016-09-01,Labone / Roman Ridge,122.6,4384,1100
2016-10-01,Labone / Roman Ridge,124.15,4439,1104
2016-11-01,Labone / Roman Ridge,128.31,4588,1131
2016-12-01,Labone / Roman Ridge,128.64,4600,1123
2017-01-01,Labone / Roman Ridge,132.81,4749,1149
2017-02-01,Labone / Roman Ridge,135.28,4837,1160
2017-03-01,Labone / Roman Ridge,138.31,4946,1177
2017-04-01,Labone / Roman Ridge,138.08,4938,1164
2017-05-01,Labone / Roman Ridge,140.5,5024,1175
2017-06-01,Labone / Roman Ridge,142.11,5082,1178
2017-07-01,Labone / Roman Ridge,145.05,5187,1192
2017-08-01,Labone / Roman Ridge,147.73,5283,1209
2017-09-01,Labone / Roman Ridge,149.1,5332,1214
2017-10-01,Labone / Roman Ridge,152.05,5437,1233
2017-11-01,Labone / Roman Ridge,155.26,5552,1253
2017-12-01,Labone / Roman Ridge,157.77,5642,1268
2018-01-01,Labone / Roman Ridge,162.17,5799,1298
2018-02-01,Labone / Roman Ridge,161.64,5780,1288
2018-03-01,Labone / Roman Ridge,168.8,6036,1339
2018-04-01,Labone / Roman Ridge,169.72,6069,1341
2018-05-01,Labone / Roman Ridge,171.82,6144,1352
2018-06-01,Labone / Roman Ridge,174.13,6227,1364
2018-07-01,Labone / Roman Ridge,175.83,6288,1371
2018-08-01,Labone / Roman Ridge,180.71,6462,1393
2018-09-01,Labone / Roman Ridge,182.61,6530,1392
2018-10-01,Labone / Roman Ridge,191.57,6850,1444
2018-11-01,Labone / Roman Ridge,193.71,6927,1444
2018-12-01,Labone / Roman Ridge,197.04,7046,1453
2019-01-01,Labone / Roman Ridge,201.98,7223,1473
2019-02-01,Labone / Roman Ridge,206.84,7396,1492
2019-03-01,Labone / Roman Ridge,211.13,7550,1508
2019-04-01,Labone / Roman Ridge,212.29,7591,1500
2019-05-01,Labone / Roman Ridge,216.92,7757,1517
2019-06-01,Labone / Roman Ridge,220.33,7879,1525
2019-07-01,Labone / Roman Ridge,225.18,8052,1543
2019-08-01,Labone / Roman Ridge,224.35,8023,1528
2019-09-01,Labone / Roman Ridge,225.06,8048,1524
2019-10-01,Labone / Roman Ridge,223.74,8001,1506
2019-11-01,Labone / Roman Ridge,227.34,8129,1521
2019-12-01,Labone / Roman Ridge,226.9,8114,1509
2020-01-01,Labone / Roman Ridge,225.44,8062,1491
2020-02-01,Labone / Roman Ridge,232.93,8329,1531
2020-03-01,Labone / Roman Ridge,232.5,8314,1520
2020-04-01,Labone / Roman Ridge,232.51,8314,1511
2020-05-01,Labone / Roman Ridge,233.68,8356,1510
2020-06-01,Labone / Roman Ridge,232.16,8302,1492
2020-07-01,Labone / Roman Ridge,229.14,8194,1464
2020-08-01,Labone / Roman Ridge,233.63,8355,1488
2020-09-01,Labone / Roman Ridge,237.54,8494,1508
2020-10-01,Labone / Roman Ridge,239.87,8577,1518
2020-11-01,Labone / Roman Ridge,242.05,8655,1527
2020-12-01,Labone / Roman Ridge,246.57,8817,1551
2021-01-01,Labone / Roman Ridge,249.1,8908,1562
2021-02-01,Labone / Roman Ridge,251.5,8994,1572
2021-03-01,Labone / Roman Ridge,257.96,9225,1608
2021-04-01,Labone / Roman Ridge,261.4,9347,1625
2021-05-01,Labone / Roman Ridge,258.87,9257,1604
2021-06-01,Labone / Roman Ridge,269.7,9644,1666
2021-07-01,Labone / Roman Ridge,266.28,9522,1640
2021-08-01,Labone / Roman Ridge,280.99,10048,1670
2021-09-01,Labone / Roman Ridge,288.93,10332,1660
2021-10-01,Labone / Roman Ridge,299.27,10702,1665
2021-11-01,Labone / Roman Ridge,318.12,11376,1714
2021-12-01,Labone / Roman Ridge,327.61,11715,1713
2022-01-01,Labone / Roman Ridge,339.65,12146,1723
2022-02-01,Labone / Roman Ridge,354.55,12679,1747
2022-03-01,Labone / Roman Ridge,361.84,12939,1737
2022-04-01,Labone / Roman Ridge,369.69,13220,1726
2022-05-01,Labone / Roman Ridge,385.71,13793,1755
2022-06-01,Labone / Roman Ridge,403.17,14417,1787
2022-07-01,Labone / Roman Ridge,413.96,14803,1789
2022-08-01,Labone / Roman Ridge,425.98,15233,1791
2022-09-01,Labone / Roman Ridge,435.51,15573,1782
2022-10-01,Labone / Roman Ridge,455.61,16292,1817
2022-11-01,Labone / Roman Ridge,460.1,16453,1789
2022-12-01,Labone / Roman Ridge,476.34,17034,1807
2023-01-01,Labone / Roman Ridge,499.86,17875,1851
2023-02-01,Labone / Roman Ridge,509.53,18221,1842
2023-03-01,Labone / Roman Ridge,523.25,18711,1852
2023-04-01,Labone / Roman Ridge,533.73,19086,1847
2023-05-01,Labone / Roman Ridge,564.57,20189,1912
2023-06-01,Labone / Roman Ridge,571.86,20449,1894
2023-07-01,Labone / Roman Ridge,588.42,21041,1909
2023-08-01,Labone / Roman Ridge,598.88,21415,1897
2023-09-01,Labone / Roman Ridge,626.5,22403,1939
2023-10-01,Labone / Roman Ridge,630.58,22549,1909
2023-11-01,Labone / Roman Ridge,641.88,22953,1900
2023-12-01,Labone / Roman Ridge,663.07,23711,1921
2024-01-01,Labone / Roman Ridge,686.33,24543,1946
2024-02-01,Labone / Roman Ridge,706.08,25249,1961
2024-03-01,Labone / Roman Ridge,730.33,26116,1989
2024-04-01,Labone / Roman Ridge,741.19,26504,1979
2024-05-01,Labone / Roman Ridge,755.62,27020,1979
2024-06-01,Labone / Roman Ridge,777.71,27810,1997
2024-07-01,Labone / Roman Ridge,789.42,28229,1991
2024-08-01,Labone / Roman Ridge,782.94,27998,1974
2024-09-01,Labone / Roman Ridge,788.94,28212,1989
2024-10-01,Labone / Roman Ridge,778.66,27844,1963
2024-11-01,Labone / Roman Ridge,788.61,28200,1988
2024-12-01,Labone / Roman Ridge,778.46,27837,1963
2010-01-01,Dzorwulu / Abelenkpe,23.49,824,576
2010-02-01,Dzorwulu / Abelenkpe,23.76,834,583
2010-03-01,Dzorwulu / Abelenkpe,23.47,824,576
2010-04-01,Dzorwulu / Abelenkpe,23.56,827,578
2010-05-01,Dzorwulu / Abelenkpe,23.42,822,575
2010-06-01,Dzorwulu / Abelenkpe,23.67,831,581
2010-07-01,Dzorwulu / Abelenkpe,23.39,821,574
2010-08-01,Dzorwulu / Abelenkpe,23.97,841,585
2010-09-01,Dzorwulu / Abelenkpe,24.1,846,585
2010-10-01,Dzorwulu / Abelenkpe,24.69,866,596
2010-11-01,Dzorwulu / Abelenkpe,25.01,878,601
2010-12-01,Dzorwulu / Abelenkpe,25.88,908,619
2011-01-01,Dzorwulu / Abelenkpe,26.26,921,624
2011-02-01,Dzorwulu / Abelenkpe,26.53,931,628
2011-03-01,Dzorwulu / Abelenkpe,26.93,945,634
2011-04-01,Dzorwulu / Abelenkpe,27.56,967,645
2011-05-01,Dzorwulu / Abelenkpe,27.56,967,642
2011-06-01,Dzorwulu / Abelenkpe,28.09,986,651
2011-07-01,Dzorwulu / Abelenkpe,28.28,992,653
2011-08-01,Dzorwulu / Abelenkpe,29.61,1039,672
2011-09-01,Dzorwulu / Abelenkpe,30.47,1069,680
2011-10-01,Dzorwulu / Abelenkpe,30.73,1078,675
2011-11-01,Dzorwulu / Abelenkpe,31.5,1105,681
2011-12-01,Dzorwulu / Abelenkpe,32.48,1140,692
2012-01-01,Dzorwulu / Abelenkpe,33.22,1166,696
2012-02-01,Dzorwulu / Abelenkpe,34.91,1225,721
2012-03-01,Dzorwulu / Abelenkpe,35.35,1241,720
2012-04-01,Dzorwulu / Abelenkpe,35.47,1245,712
2012-05-01,Dzorwulu / Abelenkpe,36.84,1293,729
2012-06-01,Dzorwulu / Abelenkpe,37.19,1305,725
2012-07-01,Dzorwulu / Abelenkpe,38.14,1338,733
2012-08-01,Dzorwulu / Abelenkpe,38.71,1358,739
2012-09-01,Dzorwulu / Abelenkpe,40.03,1405,759
2012-10-01,Dzorwulu / Abelenkpe,40.38,1417,760
2012-11-01,Dzorwulu / Abelenkpe,41.27,1448,771
2012-12-01,Dzorwulu / Abelenkpe,41.69,1463,774
2013-01-01,Dzorwulu / Abelenkpe,43.17,1515,796
2013-02-01,Dzorwulu / Abelenkpe,42.98,1508,787
2013-03-01,Dzorwulu / Abelenkpe,43.48,1526,791
2013-04-01,Dzorwulu / Abelenkpe,44.76,1571,809
2013-05-01,Dzorwulu / Abelenkpe,44.63,1566,801
2013-06-01,Dzorwulu / Abelenkpe,46.4,1628,827
2013-07-01,Dzorwulu / Abelenkpe,46.82,1643,829
2013-08-01,Dzorwulu / Abelenkpe,48.47,1701,826
2013-09-01,Dzorwulu / Abelenkpe,50.36,1767,827
2013-10-01,Dzorwulu / Abelenkpe,51.99,1824,825
2013-11-01,Dzorwulu / Abelenkpe,55.05,1932,844
2013-12-01,Dzorwulu / Abelenkpe,56.77,1992,842
2014-01-01,Dzorwulu / Abelenkpe,58.96,2069,847
2014-02-01,Dzorwulu / Abelenkpe,60.67,2129,845
2014-03-01,Dzorwulu / Abelenkpe,63.44,2226,859
2014-04-01,Dzorwulu / Abelenkpe,64.45,2262,848
2014-05-01,Dzorwulu / Abelenkpe,66.14,2321,846
2014-06-01,Dzorwulu / Abelenkpe,69.51,2439,865
2014-07-01,Dzorwulu / Abelenkpe,71.24,2500,863
2014-08-01,Dzorwulu / Abelenkpe,73.28,2571,867
2014-09-01,Dzorwulu / Abelenkpe,76.6,2688,885
2014-10-01,Dzorwulu / Abelenkpe,78.08,2740,883
2014-11-01,Dzorwulu / Abelenkpe,80.1,2811,886
2014-12-01,Dzorwulu / Abelenkpe,84.82,2976,919
2015-01-01,Dzorwulu / Abelenkpe,87.38,3066,927
2015-02-01,Dzorwulu / Abelenkpe,90.22,3166,937
2015-03-01,Dzorwulu / Abelenkpe,92.61,3250,944
2015-04-01,Dzorwulu / Abelenkpe,94.23,3307,942
2015-05-01,Dzorwulu / Abelenkpe,98.19,3446,963
2015-06-01,Dzorwulu / Abelenkpe,101.55,3564,977
2015-07-01,Dzorwulu / Abelenkpe,102.94,3612,972
2015-08-01,Dzorwulu / Abelenkpe,104.8,3678,986
2015-09-01,Dzorwulu / Abelenkpe,105.36,3697,987
2015-10-01,Dzorwulu / Abelenkpe,106.38,3733,992
2015-11-01,Dzorwulu / Abelenkpe,106.69,3744,990
2015-12-01,Dzorwulu / Abelenkpe,109.65,3848,1014
2016-01-01,Dzorwulu / Abelenkpe,111.01,3896,1022
2016-02-01,Dzorwulu / Abelenkpe,114.42,4015,1049
2016-03-01,Dzorwulu / Abelenkpe,114.31,4011,1043
2016-04-01,Dzorwulu / Abelenkpe,114.2,4007,1038
2016-05-01,Dzorwulu / Abelenkpe,116.66,4094,1056
2016-06-01,Dzorwulu / Abelenkpe,117.43,4121,1058
2016-07-01,Dzorwulu / Abelenkpe,117.3,4116,1053
2016-08-01,Dzorwulu / Abelenkpe,120.35,4223,1070
2016-09-01,Dzorwulu / Abelenkpe,123.98,4351,1092
2016-10-01,Dzorwulu / Abelenkpe,125.61,4408,1096
2016-11-01,Dzorwulu / Abelenkpe,127.49,4474,1102
2016-12-01,Dzorwulu / Abelenkpe,130.5,4580,1118
2017-01-01,Dzorwulu / Abelenkpe,133.9,4699,1137
2017-02-01,Dzorwulu / Abelenkpe,137.6,4828,1158
2017-03-01,Dzorwulu / Abelenkpe,135.54,4756,1132
2017-04-01,Dzorwulu / Abelenkpe,139.04,4879,1151
2017-05-01,Dzorwulu / Abelenkpe,143.01,5019,1173
2017-06-01,Dzorwulu / Abelenkpe,143.79,5046,1170
2017-07-01,Dzorwulu / Abelenkpe,146.19,5130,1179
2017-08-01,Dzorwulu / Abelenkpe,148.27,5203,1190
2017-09-01,Dzorwulu / Abelenkpe,152.23,5342,1217
2017-10-01,Dzorwulu / Abelenkpe,152.05,5336,1210
2017-11-01,Dzorwulu / Abelenkpe,158.45,5560,1255
2017-12-01,Dzorwulu / Abelenkpe,157.09,5513,1239
2018-01-01,Dzorwulu / Abelenkpe,161.67,5673,1269
2018-02-01,Dzorwulu / Abelenkpe,164.55,5774,1286
2018-03-01,Dzorwulu / Abelenkpe,167.73,5886,1306
2018-04-01,Dzorwulu / Abelenkpe,170.15,5971,1319
2018-05-01,Dzorwulu / Abelenkpe,169.75,5957,1310
2018-06-01,Dzorwulu / Abelenkpe,172.72,6061,1327
2018-07-01,Dzorwulu / Abelenkpe,174.42,6121,1335
2018-08-01,Dzorwulu / Abelenkpe,179.94,6314,1361
2018-09-01,Dzorwulu / Abelenkpe,184.34,6469,1378
2018-10-01,Dzorwulu / Abelenkpe,188.77,6624,1396
2018-11-01,Dzorwulu / Abelenkpe,193.65,6795,1416
2018-12-01,Dzorwulu / Abelenkpe,195.15,6848,1412
2019-01-01,Dzorwulu / Abelenkpe,200.81,7047,1437
2019-02-01,Dzorwulu / Abelenkpe,205.32,7205,1453
2019-03-01,Dzorwulu / Abelenkpe,210.7,7394,1477
2019-04-01,Dzorwulu / Abelenkpe,212.49,7457,1474
2019-05-01,Dzorwulu / Abelenkpe,215.52,7563,1479
2019-06-01,Dzorwulu / Abelenkpe,219.28,7695,1490
2019-07-01,Dzorwulu / Abelenkpe,226.34,7943,1522
2019-08-01,Dzorwulu / Abelenkpe,221.68,7779,1482
2019-09-01,Dzorwulu / Abelenkpe,228.86,8031,1521
2019-10-01,Dzorwulu / Abelenkpe,224.79,7888,1485
2019-11-01,Dzorwulu / Abelenkpe,228.15,8006,1498
2019-12-01,Dzorwulu / Abelenkpe,230.73,8096,1506
2020-01-01,Dzorwulu / Abelenkpe,229.77,8063,1491
2020-02-01,Dzorwulu / Abelenkpe,230.4,8085,1486
2020-03-01,Dzorwulu / Abelenkpe,234.12,8216,1502
2020-04-01,Dzorwulu / Abelenkpe,232.27,8151,1481
2020-05-01,Dzorwulu / Abelenkpe,227.74,7992,1444
2020-06-01,Dzorwulu / Abelenkpe,232.54,8160,1466
2020-07-01,Dzorwulu / Abelenkpe,231.2,8113,1450
2020-08-01,Dzorwulu / Abelenkpe,236.82,8310,1480
2020-09-01,Dzorwulu / Abelenkpe,234.52,8230,1461
2020-10-01,Dzorwulu / Abelenkpe,238.3,8362,1480
2020-11-01,Dzorwulu / Abelenkpe,242.89,8523,1504
2020-12-01,Dzorwulu / Abelenkpe,246.74,8658,1523
2021-01-01,Dzorwulu / Abelenkpe,255.16,8954,1570
2021-02-01,Dzorwulu / Abelenkpe,251.95,8841,1546
2021-03-01,Dzorwulu / Abelenkpe,253.08,8881,1548
2021-04-01,Dzorwulu / Abelenkpe,259.8,9117,1585
2021-05-01,Dzorwulu / Abelenkpe,259.46,9105,1578
2021-06-01,Dzorwulu / Abelenkpe,266.62,9356,1616
2021-07-01,Dzorwulu / Abelenkpe,268.65,9427,1624
2021-08-01,Dzorwulu / Abelenkpe,281.4,9875,1642
2021-09-01,Dzorwulu / Abelenkpe,291.11,10216,1641
2021-10-01,Dzorwulu / Abelenkpe,301.16,10568,1644
2021-11-01,Dzorwulu / Abelenkpe,315.4,11068,1668
2021-12-01,Dzorwulu / Abelenkpe,325.49,11422,1670
2022-01-01,Dzorwulu / Abelenkpe,344.05,12073,1713
2022-02-01,Dzorwulu / Abelenkpe,355.25,12466,1717
2022-03-01,Dzorwulu / Abelenkpe,363.33,12750,1712
2022-04-01,Dzorwulu / Abelenkpe,377.86,13260,1732
2022-05-01,Dzorwulu / Abelenkpe,389.75,13677,1740
2022-06-01,Dzorwulu / Abelenkpe,397.22,13939,1727
2022-07-01,Dzorwulu / Abelenkpe,417.7,14658,1772
2022-08-01,Dzorwulu / Abelenkpe,427.32,14995,1763
2022-09-01,Dzorwulu / Abelenkpe,441.98,15510,1775
2022-10-01,Dzorwulu / Abelenkpe,460.64,16164,1803
2022-11-01,Dzorwulu / Abelenkpe,470.69,16517,1796
2022-12-01,Dzorwulu / Abelenkpe,492.97,17299,1836
2023-01-01,Dzorwulu / Abelenkpe,513.43,18017,1866
2023-02-01,Dzorwulu / Abelenkpe,528.92,18560,1876
2023-03-01,Dzorwulu / Abelenkpe,533.43,18719,1853
2023-04-01,Dzorwulu / Abelenkpe,556.26,19520,1889
2023-05-01,Dzorwulu / Abelenkpe,578.16,20288,1921
2023-06-01,Dzorwulu / Abelenkpe,580.29,20363,1886
2023-07-01,Dzorwulu / Abelenkpe,595.03,20880,1895
2023-08-01,Dzorwulu / Abelenkpe,624.16,21902,1940
2023-09-01,Dzorwulu / Abelenkpe,637.21,22360,1935
2023-10-01,Dzorwulu / Abelenkpe,666.06,23373,1978
2023-11-01,Dzorwulu / Abelenkpe,684.62,24024,1988
2023-12-01,Dzorwulu / Abelenkpe,712.47,25002,2026
2024-01-01,Dzorwulu / Abelenkpe,730.47,25633,2033
2024-02-01,Dzorwulu / Abelenkpe,753.39,26437,2053
2024-03-01,Dzorwulu / Abelenkpe,767.61,26936,2052
2024-04-01,Dzorwulu / Abelenkpe,778.25,27310,2039
2024-05-01,Dzorwulu / Abelenkpe,796.58,27953,2047
2024-06-01,Dzorwulu / Abelenkpe,824.36,28928,2078
2024-07-01,Dzorwulu / Abelenkpe,847.11,29726,2096
2024-08-01,Dzorwulu / Abelenkpe,844.22,29625,2089
2024-09-01,Dzorwulu / Abelenkpe,847.21,29730,2096
2024-10-01,Dzorwulu / Abelenkpe,856.07,30040,2118
2024-11-01,Dzorwulu / Abelenkpe,846.19,29694,2094
2024-12-01,Dzorwulu / Abelenkpe,847.89,29753,2098
2010-01-01,Trasacco Valley,22.01,2139,1496
2010-02-01,Trasacco Valley,22.37,2173,1520
2010-03-01,Trasacco Valley,22.24,2161,1511
2010-04-01,Trasacco Valley,22.19,2156,1507
2010-05-01,Trasacco Valley,22.09,2146,1501
2010-06-01,Trasacco Valley,21.94,2132,1491
2010-07-01,Trasacco Valley,22.21,2157,1509
2010-08-01,Trasacco Valley,22.21,2157,1501
2010-09-01,Trasacco Valley,22.66,2202,1523
2010-10-01,Trasacco Valley,22.94,2229,1534
2010-11-01,Trasacco Valley,23.62,2294,1571
2010-12-01,Trasacco Valley,24.09,2340,1594
2011-01-01,Trasacco Valley,24.68,2398,1625
2011-02-01,Trasacco Valley,24.93,2422,1633
2011-03-01,Trasacco Valley,25.04,2433,1633
2011-04-01,Trasacco Valley,25.45,2472,1650
2011-05-01,Trasacco Valley,25.88,2514,1670
2011-06-01,Trasacco Valley,26.2,2545,1682
2011-07-01,Trasacco Valley,26.79,2603,1712
2011-08-01,Trasacco Valley,27.16,2639,1707
2011-09-01,Trasacco Valley,27.53,2675,1701
2011-10-01,Trasacco Valley,28.77,2795,1750
2011-11-01,Trasacco Valley,29.68,2884,1777
2011-12-01,Trasacco Valley,30.29,2943,1786
2012-01-01,Trasacco Valley,31.26,3037,1815
2012-02-01,Trasacco Valley,32.2,3128,1841
2012-03-01,Trasacco Valley,32.82,3189,1850
2012-04-01,Trasacco Valley,33.09,3215,1838
2012-05-01,Trasacco Valley,34.24,3327,1875
2012-06-01,Trasacco Valley,35.2,3420,1900
2012-07-01,Trasacco Valley,36.16,3513,1925
2012-08-01,Trasacco Valley,36.88,3582,1949
2012-09-01,Trasacco Valley,37.13,3607,1948
2012-10-01,Trasacco Valley,38.13,3705,1987
2012-11-01,Trasacco Valley,38.85,3775,2010
2012-12-01,Trasacco Valley,39.21,3809,2015
2013-01-01,Trasacco Valley,40.82,3965,2083
2013-02-01,Trasacco Valley,41.3,4013,2093
2013-03-01,Trasacco Valley,41.77,4058,2104
2013-04-01,Trasacco Valley,42.2,4100,2111
2013-05-01,Trasacco Valley,43.36,4212,2154
2013-06-01,Trasacco Valley,44.2,4294,2182
2013-07-01,Trasacco Valley,44.67,4340,2190
2013-08-01,Trasacco Valley,46.5,4518,2194
2013-09-01,Trasacco Valley,48.76,4737,2217
2013-10-01,Trasacco Valley,50.52,4908,2219
2013-11-01,Trasacco Valley,53.4,5188,2266
2013-12-01,Trasacco Valley,55.72,5413,2289
2014-01-01,Trasacco Valley,57.88,5623,2302
2014-02-01,Trasacco Valley,60.98,5924,2350
2014-03-01,Trasacco Valley,62.26,6048,2335
2014-04-01,Trasacco Valley,64.44,6260,2346
2014-05-01,Trasacco Valley,66.85,6495,2367
2014-06-01,Trasacco Valley,68.63,6667,2363
2014-07-01,Trasacco Valley,71.92,6987,2412
2014-08-01,Trasacco Valley,73.3,7121,2401
2014-09-01,Trasacco Valley,75.89,7373,2429
2014-10-01,Trasacco Valley,78.8,7656,2467
2014-11-01,Trasacco Valley,80.96,7865,2479
2014-12-01,Trasacco Valley,85.75,8331,2572
2015-01-01,Trasacco Valley,87.5,8501,2569
2015-02-01,Trasacco Valley,90.02,8746,2589
2015-03-01,Trasacco Valley,92.67,9003,2616
2015-04-01,Trasacco Valley,95.18,9247,2634
2015-05-01,Trasacco Valley,97.09,9433,2636
2015-06-01,Trasacco Valley,100.62,9775,2680
2015-07-01,Trasacco Valley,104.27,10130,2727
2015-08-01,Trasacco Valley,102.54,9962,2670
2015-09-01,Trasacco Valley,106.0,10298,2748
2015-10-01,Trasacco Valley,106.09,10306,2738
2015-11-01,Trasacco Valley,108.63,10553,2792
2015-12-01,Trasacco Valley,109.38,10627,2799
2016-01-01,Trasacco Valley,110.65,10749,2819
2016-02-01,Trasacco Valley,112.28,10909,2849
2016-03-01,Trasacco Valley,113.65,11041,2872
2016-04-01,Trasacco Valley,113.87,11063,2865
2016-05-01,Trasacco Valley,116.86,11353,2928
2016-06-01,Trasacco Valley,114.6,11133,2859
2016-07-01,Trasacco Valley,115.81,11251,2878
2016-08-01,Trasacco Valley,118.15,11478,2908
2016-09-01,Trasacco Valley,119.25,11585,2907
2016-10-01,Trasacco Valley,122.25,11877,2954
2016-11-01,Trasacco Valley,124.79,12124,2987
2016-12-01,Trasacco Valley,125.72,12214,2983
2017-01-01,Trasacco Valley,127.8,12416,3005
2017-02-01,Trasacco Valley,131.23,12749,3058
2017-03-01,Trasacco Valley,132.57,12880,3064
2017-04-01,Trasacco Valley,132.38,12861,3033
2017-05-01,Trasacco Valley,135.85,13198,3086
2017-06-01,Trasacco Valley,135.45,13159,3050
2017-07-01,Trasacco Valley,135.44,13158,3024
2017-08-01,Trasacco Valley,139.91,13593,3110
2017-09-01,Trasacco Valley,141.44,13741,3130
2017-10-01,Trasacco Valley,143.54,13945,3162
2017-11-01,Trasacco Valley,146.85,14267,3221
2017-12-01,Trasacco Valley,146.32,14215,3195
2018-01-01,Trasacco Valley,151.51,14719,3294
2018-02-01,Trasacco Valley,150.86,14657,3265
2018-03-01,Trasacco Valley,152.03,14770,3277
2018-04-01,Trasacco Valley,153.29,14892,3290
2018-05-01,Trasacco Valley,159.09,15455,3400
2018-06-01,Trasacco Valley,157.14,15266,3343
2018-07-01,Trasacco Valley,161.77,15716,3428
2018-08-01,Trasacco Valley,163.59,15894,3426
2018-09-01,Trasacco Valley,166.2,16146,3441
2018-10-01,Trasacco Valley,167.79,16301,3436
2018-11-01,Trasacco Valley,171.82,16693,3479
2018-12-01,Trasacco Valley,173.31,16838,3471
2019-01-01,Trasacco Valley,180.19,17506,3570
2019-02-01,Trasacco Valley,183.37,17814,3593
2019-03-01,Trasacco Valley,186.63,18131,3622
2019-04-01,Trasacco Valley,190.88,18544,3665
2019-05-01,Trasacco Valley,192.97,18747,3667
2019-06-01,Trasacco Valley,196.84,19123,3702
2019-07-01,Trasacco Valley,199.17,19349,3709
2019-08-01,Trasacco Valley,196.9,19129,3644
2019-09-01,Trasacco Valley,201.51,19577,3707
2019-10-01,Trasacco Valley,196.76,19115,3598
2019-11-01,Trasacco Valley,198.7,19304,3612
2019-12-01,Trasacco Valley,200.15,19444,3617
2020-01-01,Trasacco Valley,199.2,19352,3579
2020-02-01,Trasacco Valley,201.89,19614,3606
2020-03-01,Trasacco Valley,202.06,19631,3589
2020-04-01,Trasacco Valley,203.07,19729,3586
2020-05-01,Trasacco Valley,199.7,19401,3507
2020-06-01,Trasacco Valley,201.59,19585,3520
2020-07-01,Trasacco Valley,201.92,19617,3506
2020-08-01,Trasacco Valley,199.53,19385,3453
2020-09-01,Trasacco Valley,206.05,20018,3555
2020-10-01,Trasacco Valley,209.63,20366,3606
2020-11-01,Trasacco Valley,211.43,20540,3625
2020-12-01,Trasacco Valley,211.95,20591,3623
2021-01-01,Trasacco Valley,215.92,20977,3679
2021-02-01,Trasacco Valley,220.19,21391,3740
2021-03-01,Trasacco Valley,220.7,21442,3738
2021-04-01,Trasacco Valley,220.45,21417,3723
2021-05-01,Trasacco Valley,223.53,21717,3763
2021-06-01,Trasacco Valley,226.38,21993,3799
2021-07-01,Trasacco Valley,228.36,22185,3821
2021-08-01,Trasacco Valley,233.26,22661,3767
2021-09-01,Trasacco Valley,245.4,23841,3830
2021-10-01,Trasacco Valley,256.52,24921,3877
2021-11-01,Trasacco Valley,265.29,25774,3883
2021-12-01,Trasacco Valley,270.72,26301,3845
2022-01-01,Trasacco Valley,286.22,27807,3945
2022-02-01,Trasacco Valley,301.29,29270,4032
2022-03-01,Trasacco Valley,306.07,29735,3992
2022-04-01,Trasacco Valley,321.26,31211,4076
2022-05-01,Trasacco Valley,327.8,31846,4052
2022-06-01,Trasacco Valley,334.35,32482,4025
2022-07-01,Trasacco Valley,347.52,33762,4081
2022-08-01,Trasacco Valley,366.94,35649,4191
2022-09-01,Trasacco Valley,374.99,36431,4169
2022-10-01,Trasacco Valley,391.47,38032,4242
2022-11-01,Trasacco Valley,395.86,38458,4181
2022-12-01,Trasacco Valley,412.23,40049,4250
2023-01-01,Trasacco Valley,424.63,41254,4272
2023-02-01,Trasacco Valley,441.15,42859,4333
2023-03-01,Trasacco Valley,448.78,43600,4316
2023-04-01,Trasacco Valley,464.29,45106,4364
2023-05-01,Trasacco Valley,475.76,46221,4377
2023-06-01,Trasacco Valley,486.97,47310,4383
2023-07-01,Trasacco Valley,501.0,48673,4417
2023-08-01,Trasacco Valley,499.59,48536,4300
2023-09-01,Trasacco Valley,522.97,50807,4397
2023-10-01,Trasacco Valley,536.76,52147,4414
2023-11-01,Trasacco Valley,555.48,53966,4466
2023-12-01,Trasacco Valley,554.64,53884,4366
2024-01-01,Trasacco Valley,578.07,56161,4454
2024-02-01,Trasacco Valley,605.63,58838,4569
2024-03-01,Trasacco Valley,609.04,59169,4507
2024-04-01,Trasacco Valley,615.66,59812,4465
2024-05-01,Trasacco Valley,620.45,60278,4414
2024-06-01,Trasacco Valley,639.78,62156,4464
2024-07-01,Trasacco Valley,651.28,63273,4462
2024-08-01,Trasacco Valley,658.02,63928,4508
2024-09-01,Trasacco Valley,657.66,63893,4505
2024-10-01,Trasacco Valley,660.71,64189,4526
2024-11-01,Trasacco Valley,665.01,64606,4556
2024-12-01,Trasacco Valley,655.23,63657,4489
